<application>
  <component name="ProjectJdkTable">
    <jdk version="2">
      <name value="1.8" />
      <type value="JavaSDK" />
      <version value="java version &quot;1.8.0_201&quot;" />
      <homePath value="F:/javaTools/jdk" />
      <roots>
        <annotationsPath>
          <root type="composite">
            <root url="jar://$APPLICATION_HOME_DIR$/plugins/java/lib/jdkAnnotations.jar!/" type="simple" />
          </root>
        </annotationsPath>
        <classPath>
          <root type="composite">
            <root url="jar://F:/javaTools/jdk/jre/lib/charsets.jar!/" type="simple" />
            <root url="jar://F:/javaTools/jdk/jre/lib/deploy.jar!/" type="simple" />
            <root url="jar://F:/javaTools/jdk/jre/lib/ext/access-bridge-64.jar!/" type="simple" />
            <root url="jar://F:/javaTools/jdk/jre/lib/ext/cldrdata.jar!/" type="simple" />
            <root url="jar://F:/javaTools/jdk/jre/lib/ext/dnsns.jar!/" type="simple" />
            <root url="jar://F:/javaTools/jdk/jre/lib/ext/jaccess.jar!/" type="simple" />
            <root url="jar://F:/javaTools/jdk/jre/lib/ext/jfxrt.jar!/" type="simple" />
            <root url="jar://F:/javaTools/jdk/jre/lib/ext/localedata.jar!/" type="simple" />
            <root url="jar://F:/javaTools/jdk/jre/lib/ext/nashorn.jar!/" type="simple" />
            <root url="jar://F:/javaTools/jdk/jre/lib/ext/sunec.jar!/" type="simple" />
            <root url="jar://F:/javaTools/jdk/jre/lib/ext/sunjce_provider.jar!/" type="simple" />
            <root url="jar://F:/javaTools/jdk/jre/lib/ext/sunmscapi.jar!/" type="simple" />
            <root url="jar://F:/javaTools/jdk/jre/lib/ext/sunpkcs11.jar!/" type="simple" />
            <root url="jar://F:/javaTools/jdk/jre/lib/ext/zipfs.jar!/" type="simple" />
            <root url="jar://F:/javaTools/jdk/jre/lib/javaws.jar!/" type="simple" />
            <root url="jar://F:/javaTools/jdk/jre/lib/jce.jar!/" type="simple" />
            <root url="jar://F:/javaTools/jdk/jre/lib/jfr.jar!/" type="simple" />
            <root url="jar://F:/javaTools/jdk/jre/lib/jfxswt.jar!/" type="simple" />
            <root url="jar://F:/javaTools/jdk/jre/lib/jsse.jar!/" type="simple" />
            <root url="jar://F:/javaTools/jdk/jre/lib/management-agent.jar!/" type="simple" />
            <root url="jar://F:/javaTools/jdk/jre/lib/plugin.jar!/" type="simple" />
            <root url="jar://F:/javaTools/jdk/jre/lib/resources.jar!/" type="simple" />
            <root url="jar://F:/javaTools/jdk/jre/lib/rt.jar!/" type="simple" />
          </root>
        </classPath>
        <javadocPath>
          <root type="composite" />
        </javadocPath>
        <sourcePath>
          <root type="composite">
            <root url="jar://F:/javaTools/jdk/src.zip!/" type="simple" />
            <root url="jar://F:/javaTools/jdk/javafx-src.zip!/" type="simple" />
          </root>
        </sourcePath>
      </roots>
      <additional />
    </jdk>
    <jdk version="2">
      <name value="Python 3.7 (python_project_env)" />
      <type value="Python SDK" />
      <version value="Python 3.7.1" />
      <homePath value="F:\envs\python_project_env\Scripts\python.exe" />
      <roots>
        <annotationsPath>
          <root type="composite" />
        </annotationsPath>
        <classPath>
          <root type="composite">
            <root url="file://F:/envs/python_project_env/Lib" type="simple" />
            <root url="file://F:/envs/python_project_env/Scripts" type="simple" />
            <root url="file://E:/python3.7.1/Lib" type="simple" />
            <root url="file://E:/python3.7.1/DLLs" type="simple" />
            <root url="file://F:/envs/python_project_env" type="simple" />
            <root url="file://F:/envs/python_project_env/Lib/site-packages" type="simple" />
            <root url="file://F:/envs/python_project_env/Lib/site-packages/win32" type="simple" />
            <root url="file://F:/envs/python_project_env/Lib/site-packages/win32/lib" type="simple" />
            <root url="file://F:/envs/python_project_env/Lib/site-packages/pythonwin" type="simple" />
            <root url="file://$USER_HOME$/.PyCharm2019.2/system/python_stubs/-1565106268" type="simple" />
            <root url="file://$APPLICATION_HOME_DIR$/helpers/python-skeletons" type="simple" />
            <root url="file://$APPLICATION_HOME_DIR$/helpers/typeshed/stdlib/3" type="simple" />
            <root url="file://$APPLICATION_HOME_DIR$/helpers/typeshed/stdlib/2and3" type="simple" />
            <root url="file://$APPLICATION_HOME_DIR$/helpers/typeshed/third_party/3" type="simple" />
            <root url="file://$APPLICATION_HOME_DIR$/helpers/typeshed/third_party/2and3" type="simple" />
          </root>
        </classPath>
        <javadocPath>
          <root type="composite" />
        </javadocPath>
        <sourcePath>
          <root type="composite" />
        </sourcePath>
      </roots>
      <additional />
    </jdk>
  </component>
</application>