<keymap version="1" name="Eclipse copy" parent="Eclipse">
  <action id="$Paste">
    <keyboard-shortcut first-keystroke="ctrl v" />
    <keyboard-shortcut first-keystroke="shift insert" />
    <keyboard-shortcut first-keystroke="shift ctrl v" />
  </action>
  <action id="ActivateDebugToolWindow">
    <keyboard-shortcut first-keystroke="ctrl alt b" />
  </action>
  <action id="ActivateFavoritesToolWindow" />
  <action id="ActivateFindToolWindow">
    <keyboard-shortcut first-keystroke="alt f" />
  </action>
  <action id="ActivateHierarchyToolWindow">
    <keyboard-shortcut first-keystroke="alt h" />
  </action>
  <action id="ActivateMavenToolWindow">
    <keyboard-shortcut first-keystroke="alt m" />
  </action>
  <action id="ActivateProjectToolWindow">
    <keyboard-shortcut first-keystroke="alt p" />
    <keyboard-shortcut first-keystroke="ctrl alt p" />
  </action>
  <action id="ActivatePythonConsoleToolWindow">
    <keyboard-shortcut first-keystroke="alt y" />
  </action>
  <action id="ActivateRunToolWindow">
    <keyboard-shortcut first-keystroke="alt r" />
  </action>
  <action id="ActivateSciViewToolWindow">
    <keyboard-shortcut first-keystroke="alt v" />
  </action>
  <action id="ActivateServicesToolWindow" />
  <action id="ActivateStructureToolWindow">
    <keyboard-shortcut first-keystroke="alt s" />
  </action>
  <action id="ActivateTODOToolWindow" />
  <action id="ActivateTerminalToolWindow">
    <keyboard-shortcut first-keystroke="ctrl enter" />
  </action>
  <action id="AutoIndentLines" />
  <action id="Back">
    <mouse-shortcut keystroke="button4" />
  </action>
  <action id="CallHierarchy" />
  <action id="CallHierarchy.BaseOnThisType" />
  <action id="ChangesView.GroupBy.Directory" />
  <action id="ChangesView.ShelveSilently" />
  <action id="ChooseDebugConfiguration">
    <keyboard-shortcut first-keystroke="shift ctrl f11" />
  </action>
  <action id="CloseActiveTab" />
  <action id="CloseAllEditors">
    <keyboard-shortcut first-keystroke="shift ctrl f4" />
  </action>
  <action id="CloseContent">
    <keyboard-shortcut first-keystroke="alt w" />
  </action>
  <action id="CodeCompletion">
    <keyboard-shortcut first-keystroke="alt slash" />
  </action>
  <action id="Compile" />
  <action id="Console.Execute.Multiline">
    <keyboard-shortcut first-keystroke="ctrl r" />
  </action>
  <action id="Console.TableResult.EditValue">
    <keyboard-shortcut first-keystroke="f2" />
    <keyboard-shortcut first-keystroke="enter" />
  </action>
  <action id="Console.TableResult.MaximizeEditingCell" />
  <action id="Console.TableResult.NextPage" />
  <action id="Console.TableResult.PreviousPage" />
  <action id="Diff.NextChange">
    <keyboard-shortcut first-keystroke="ctrl f6" />
    <keyboard-shortcut first-keystroke="ctrl page_down" />
    <keyboard-shortcut first-keystroke="ctrl alt right" />
  </action>
  <action id="Diff.PrevChange">
    <keyboard-shortcut first-keystroke="shift ctrl f6" />
    <keyboard-shortcut first-keystroke="ctrl page_up" />
    <keyboard-shortcut first-keystroke="ctrl alt left" />
  </action>
  <action id="DirDiffMenu.SynchronizeDiff.All" />
  <action id="DuplicatesForm.SendToLeft" />
  <action id="Editor Paste">
    <keyboard-shortcut first-keystroke="shift ctrl v" />
  </action>
  <action id="EditorDown">
    <keyboard-shortcut first-keystroke="down" />
    <keyboard-shortcut first-keystroke="ctrl j" />
  </action>
  <action id="EditorDuplicateLines" />
  <action id="EditorJoinLines" />
  <action id="EditorLeft">
    <keyboard-shortcut first-keystroke="left" />
    <keyboard-shortcut first-keystroke="ctrl h" />
  </action>
  <action id="EditorNextWordWithSelection" />
  <action id="EditorPreviousWordWithSelection" />
  <action id="EditorRight">
    <keyboard-shortcut first-keystroke="right" />
    <keyboard-shortcut first-keystroke="ctrl l" />
  </action>
  <action id="EditorScrollToCenter" />
  <action id="EditorSplitLine" />
  <action id="EditorStartNewLineBefore" />
  <action id="EditorToggleShowGutterIcons">
    <keyboard-shortcut first-keystroke="shift ctrl alt g" />
  </action>
  <action id="EditorUp">
    <keyboard-shortcut first-keystroke="up" />
    <keyboard-shortcut first-keystroke="ctrl k" />
  </action>
  <action id="EvaluateExpression" />
  <action id="ExtractFunctionToScope" />
  <action id="FileChooser.GotoHome" />
  <action id="FileChooser.NewFolder">
    <keyboard-shortcut first-keystroke="alt insert" />
  </action>
  <action id="FileChooser.TogglePathShowing" />
  <action id="FileStructurePopup">
    <keyboard-shortcut first-keystroke="ctrl f3" />
    <keyboard-shortcut first-keystroke="ctrl s" />
  </action>
  <action id="FindInPath" />
  <action id="FindNext" />
  <action id="FindPrevious" />
  <action id="FixDocComment">
    <keyboard-shortcut first-keystroke="shift ctrl j" />
  </action>
  <action id="Forward">
    <mouse-shortcut keystroke="button5" />
  </action>
  <action id="Generate">
    <keyboard-shortcut first-keystroke="shift alt s" />
  </action>
  <action id="Git.Commit.And.Push.Executor" />
  <action id="GotoBookmark1" />
  <action id="GotoImplementation" />
  <action id="GotoLine" />
  <action id="GotoNextBookmark">
    <keyboard-shortcut first-keystroke="shift ctrl alt y" />
  </action>
  <action id="GotoNextError">
    <keyboard-shortcut first-keystroke="ctrl comma" />
    <keyboard-shortcut first-keystroke="alt close_bracket" />
  </action>
  <action id="GotoPreviousError">
    <keyboard-shortcut first-keystroke="shift ctrl comma" />
    <keyboard-shortcut first-keystroke="alt open_bracket" />
  </action>
  <action id="GotoSuperMethod">
    <keyboard-shortcut first-keystroke="ctrl u" />
  </action>
  <action id="GotoSymbol">
    <keyboard-shortcut first-keystroke="ctrl t" />
  </action>
  <action id="Hg.Commit.And.Push.Executor" />
  <action id="HideAllWindows">
    <keyboard-shortcut first-keystroke="ctrl m" />
  </action>
  <action id="HippieCompletion" />
  <action id="Images.Thumbnails.UpFolder" />
  <action id="IncrementalSearch" />
  <action id="IntroduceParameter" />
  <action id="JumpToLastChange">
    <keyboard-shortcut first-keystroke="alt left" />
    <keyboard-shortcut first-keystroke="alt period" />
    <keyboard-shortcut first-keystroke="ctrl b" />
  </action>
  <action id="JumpToNextChange">
    <keyboard-shortcut first-keystroke="alt right" />
  </action>
  <action id="KotlinShellExecute" />
  <action id="MaximizeToolWindow">
    <keyboard-shortcut first-keystroke="shift ctrl quote" />
    <keyboard-shortcut first-keystroke="shift ctrl alt m" />
  </action>
  <action id="MethodDown">
    <keyboard-shortcut first-keystroke="shift ctrl down" />
    <keyboard-shortcut first-keystroke="ctrl alt down" />
  </action>
  <action id="MethodUp">
    <keyboard-shortcut first-keystroke="shift ctrl up" />
    <keyboard-shortcut first-keystroke="ctrl alt up" />
  </action>
  <action id="NewElement">
    <keyboard-shortcut first-keystroke="alt insert" />
    <keyboard-shortcut first-keystroke="ctrl n" />
  </action>
  <action id="NewElementInMenuGroup">
    <keyboard-shortcut first-keystroke="ctrl n" />
  </action>
  <action id="NextEditorTab" />
  <action id="NextTab">
    <keyboard-shortcut first-keystroke="ctrl f6" />
    <keyboard-shortcut first-keystroke="ctrl page_down" />
    <keyboard-shortcut first-keystroke="ctrl alt right" />
    <keyboard-shortcut first-keystroke="ctrl alt l" />
  </action>
  <action id="OverrideMethods">
    <keyboard-shortcut first-keystroke="shift ctrl alt o" />
  </action>
  <action id="ParameterInfo">
    <keyboard-shortcut first-keystroke="ctrl p" />
  </action>
  <action id="PasteMultiple">
    <keyboard-shortcut first-keystroke="shift ctrl insert" />
  </action>
  <action id="PreviousEditorTab" />
  <action id="PreviousTab">
    <keyboard-shortcut first-keystroke="shift ctrl f6" />
    <keyboard-shortcut first-keystroke="ctrl page_up" />
    <keyboard-shortcut first-keystroke="ctrl alt left" />
    <keyboard-shortcut first-keystroke="ctrl alt h" />
  </action>
  <action id="Print" />
  <action id="ReformatCode">
    <keyboard-shortcut first-keystroke="shift ctrl f" />
  </action>
  <action id="ResizeToolWindowDown">
    <keyboard-shortcut first-keystroke="shift ctrl alt minus" />
  </action>
  <action id="ResizeToolWindowLeft">
    <keyboard-shortcut first-keystroke="shift ctrl alt comma" />
  </action>
  <action id="ResizeToolWindowRight">
    <keyboard-shortcut first-keystroke="shift ctrl alt period" />
  </action>
  <action id="ResizeToolWindowUp">
    <keyboard-shortcut first-keystroke="shift ctrl alt equals" />
  </action>
  <action id="Resume">
    <keyboard-shortcut first-keystroke="f8" />
  </action>
  <action id="Run">
    <keyboard-shortcut first-keystroke="shift f10" />
  </action>
  <action id="RunToCursor" />
  <action id="SaveAll" />
  <action id="Scala.MakeExplicit" />
  <action id="Scala.ShowImplicits">
    <keyboard-shortcut first-keystroke="shift ctrl alt equals" />
    <keyboard-shortcut first-keystroke="shift ctrl alt add" />
  </action>
  <action id="ScalaConsole.Execute" />
  <action id="ScrollPane-scrollDown">
    <keyboard-shortcut first-keystroke="ctrl alt j" />
  </action>
  <action id="ScrollPane-scrollUp">
    <keyboard-shortcut first-keystroke="ctrl alt k" />
  </action>
  <action id="ScrollTreeToCenter" />
  <action id="SelectNextOccurrence" />
  <action id="ServiceView.GroupByServiceGroups" />
  <action id="SetShortcutAction">
    <keyboard-shortcut first-keystroke="shift ctrl m" />
  </action>
  <action id="ShowErrorDescription">
    <keyboard-shortcut first-keystroke="ctrl 1" />
    <keyboard-shortcut first-keystroke="alt semicolon" />
  </action>
  <action id="ShowIntentionActions">
    <keyboard-shortcut first-keystroke="shift ctrl m" />
    <keyboard-shortcut first-keystroke="alt enter" />
  </action>
  <action id="ShowPopupMenu">
    <keyboard-shortcut first-keystroke="ctrl f10" />
    <keyboard-shortcut first-keystroke="shift alt t" />
  </action>
  <action id="SurroundWithLiveTemplate" />
  <action id="TodoViewGroupByShowModules" />
  <action id="TodoViewGroupByShowPackages" />
  <action id="ToggleBookmark" />
  <action id="ToggleLineBreakpoint">
    <keyboard-shortcut first-keystroke="shift ctrl b" />
    <keyboard-shortcut first-keystroke="ctrl f8" />
    <keyboard-shortcut first-keystroke="f9" />
  </action>
  <action id="Unwrap" />
  <action id="Vcs.Log.FocusTextFilter" />
  <action id="Vcs.Push" />
  <action id="Vcs.ReformatCommitMessage">
    <keyboard-shortcut first-keystroke="shift ctrl f" />
  </action>
  <action id="Vcs.ShowMessageHistory">
    <keyboard-shortcut first-keystroke="ctrl e" />
  </action>
  <action id="VcsShowNextChangeMarker" />
  <action id="VcsShowPrevChangeMarker" />
  <action id="ViewBreakpoints">
    <keyboard-shortcut first-keystroke="shift ctrl f9" />
  </action>
  <action id="ViewSource" />
  <action id="ViewToolButtons">
    <keyboard-shortcut first-keystroke="alt a" />
  </action>
  <action id="VimPluginToggle">
    <keyboard-shortcut first-keystroke="ctrl alt v" />
    <keyboard-shortcut first-keystroke="ctrl semicolon" />
  </action>
  <action id="context.save" />
  <action id="tasks.close" />
</keymap>